Rank,Feature_ID,Feature_Index,Gain_Score,Kmer_Sequence,Kmer_Length
1,f39136650,39136650,81.8740234375,AGGGTTATTGTCTCATGAGCG,21
2,f16439390,16439390,74.769287109375,AATAATAACCGGAGTTTAACA,21
3,f26953653,26953653,65.5595932006836,AATGATGAGCACTTTTAAAGT,21
4,f21647767,21647767,62.187400817871094,ATATGCATTCCTTCGAAATTC,21
5,f2288609,2288609,54.07939529418945,AGCAATAAACCAGCCAGCCGG,21
6,f2326839,2326839,49.27346420288086,CCCTTCCGGCTGGCTGGTTTA,21
7,f376172,376172,45.05671691894531,TAAATGCTTCAATAATATTGA,21
8,f254818,254818,42.52532958984375,AAATGCTTCAATAATATTGAA,21
9,f30875532,30875532,35.893836975097656,GATAATCTCATGACCAAAATC,21
10,f3197847,3197847,34.40481948852539,AACTATTAACTGGCGAACTAC,21
11,f2259654,2259654,33.511531829833984,AACCAGCCAGCCGGAAGGGCC,21
12,f11620159,11620159,32.01395034790039,AATACAACAGGGGCTGATCAG,21
13,f2315607,2315607,28.73625946044922,CAGCAATAAACCAGCCAGCCG,21
14,f8475568,8475568,28.66016960144043,GCATACCGGTTTCTGGGTAAA,21
15,f39401180,39401180,21.84031867980957,TCTGACGCTCAGTGGAACGAA,21
16,f288157,288157,20.968402862548828,AGACAATCACCGGCAGCCCCT,21
17,f45118219,45118219,20.904712677001953,TATCAGTGACATAGGCAGTCA,21
18,f1534774,1534774,20.59369659423828,CGAAGAAACAATCTGGCTACG,21
19,f49729503,49729503,20.51465606689453,AAAAATCCGTTTCGAGGGATA,21
20,f23045225,23045225,20.259653091430664,AAAGGTCACGCTGTCCGGCGG,21
21,f17303314,17303314,17.645524978637695,GACCCTGAAACAACGGACCGA,21
22,f156234,156234,17.627059936523438,ACGTCCCAGGCGGGCGTTCCC,21
23,f29547083,29547083,17.169784545898438,GCGCTTTATCCGTGTTGATGA,21
24,f8361564,8361564,16.921554565429688,AACCGGTATGCAGCTTTGCTG,21
25,f315230,315230,16.6939640045166,CAATAATATTGAAAAAGGAAG,21
26,f4383669,4383669,16.052942276000977,TAATGGGGATTTACGATGGCA,21
27,f9828614,9828614,15.96530818939209,GAGGAAATCTTCTGCGACGAA,21
28,f32730023,32730023,15.058661460876465,AAAGTGTGCTTCGTTCATGCC,21
29,f19071362,19071362,14.818471908569336,AAACTTCATTTTTAATTTAAA,21
30,f48669774,48669774,14.601799011230469,AAAGGAAGTCCTTCAGTGGTG,21
31,f2268402,2268402,14.483091354370117,AATAAACCAGCCAGCCGGAAG,21
32,f28280004,28280004,13.88487434387207,AATGTTGGCTTGCACGCTCTG,21
33,f28131691,28131691,13.605274200439453,ACTGAAAACATGATACAAACA,21
34,f2295638,2295638,13.56816291809082,ATAAACCAGCCAGCCGGAAGG,21
35,f29890496,29890496,13.002490997314453,GCTGCCACTCATCGCGAATAC,21
36,f17667194,17667194,12.809045791625977,AATCTGACACACACGTCCTCC,21
37,f33121577,33121577,12.716489791870117,ATAAGTAAAGCCCCGAAAAAA,21
38,f48946601,48946601,12.538030624389648,AAAAGGTGTTTGGTGTTTCCC,21
39,f89186,89186,12.380278587341309,CTCACCGCTTGATGCGCTGCC,21
40,f343210,343210,12.224581718444824,CGTGAACTGGGCGACGGTGAA,21
41,f5064277,5064277,12.176807403564453,GTGCCAGTACCATCGGCTCCA,21
42,f49419278,49419278,12.081703186035156,CCTTTTAAATTAAAAATGAAG,21
43,f896461,896461,11.868350982666016,AACAACGCAGCGCGCCGCTGA,21
44,f20645031,20645031,11.813472747802734,AACGCACGACTTAGCGAAGCC,21
45,f24471562,24471562,11.695606231689453,GTGCGAACTCGATATTTTACA,21
46,f20397687,20397687,11.67691421508789,CAACGACAGGTAAGACTGTGA,21
47,f40833572,40833572,11.521142959594727,CACTTTCAAATTTTGGAGCGG,21
48,f1077315,1077315,11.324018478393555,ATCAACAGGTGAATTTTATCG,21
49,f26278423,26278423,11.213210105895996,AACCTTCCCCAGCCACTCCGG,21
50,f11172069,11172069,11.102922439575195,GTCTGGTGAATATGCGGAGAA,21
